text,author,tags,born_date,born_location,image_urls,images
"“The person, be it gentleman or lady, who has not pleasure in a good novel, must be intolerably stupid.”",Jane Austen,"aliteracy,books,classic,humor","December 16, 1775","in Steventon Rectory, Hampshire, The United Kingdom",https://upload.wikimedia.org/wikipedia/commons/thumb/c/cc/CassandraAusten-JaneAusten%28c.1810%29_hires.jpg/200px-CassandraAusten-JaneAusten%28c.1810%29_hires.jpg,"[{'url': 'https://upload.wikimedia.org/wikipedia/commons/thumb/c/cc/CassandraAusten-JaneAusten%28c.1810%29_hires.jpg/200px-CassandraAusten-JaneAusten%28c.1810%29_hires.jpg', 'path': 'full/202f06476c6ec2028a863a18c060034b47f77caa.jpg', 'checksum': '32e019a45a472738ef82f8f1c5aeac41', 'status': 'downloaded'}]"
"“It is our choices, Harry, that show what we truly are, far more than our abilities.”",J.K. Rowling,"abilities,choices","July 31, 1965","in Yate, South Gloucestershire, England, The United Kingdom",https://upload.wikimedia.org/wikipedia/commons/thumb/5/5d/J._K._Rowling_2010.jpg/1280px-J._K._Rowling_2010.jpg,"[{'url': 'https://upload.wikimedia.org/wikipedia/commons/thumb/5/5d/J._K._Rowling_2010.jpg/1280px-J._K._Rowling_2010.jpg', 'path': 'full/67931e69367794fed5aba6adfce69cc8c6a2792b.jpg', 'checksum': 'ed591c7b7e9bf1d935519a56a252a23c', 'status': 'downloaded'}]"
"“I have not failed. I've just found 10,000 ways that won't work.”",Thomas A. Edison,"edison,failure,inspirational,paraphrased","February 11, 1847","in Milan, Ohio, The United States",https://upload.wikimedia.org/wikipedia/commons/thumb/9/9d/Thomas_Edison2.jpg/1280px-Thomas_Edison2.jpg,"[{'url': 'https://upload.wikimedia.org/wikipedia/commons/thumb/9/9d/Thomas_Edison2.jpg/1280px-Thomas_Edison2.jpg', 'path': 'full/78a801fd9256031b7069cf1eb38bb1826aeb58b9.jpg', 'checksum': '35b325c6b3f4d2e6448f7f0df946e79b', 'status': 'downloaded'}]"
“Life is what happens to us while we are making other plans.”,Allen Saunders,"fate,life,misattributed-john-lennon,planning,plans","April 24, 1899",in The United States,https://upload.wikimedia.org/wikipedia/en/thumb/6/66/Saunderspassword52065.jpg/1280px-Saunderspassword52065.jpg,"[{'url': 'https://upload.wikimedia.org/wikipedia/en/thumb/6/66/Saunderspassword52065.jpg/1280px-Saunderspassword52065.jpg', 'path': 'full/66870fc7a3768d97a31863bee79977b03bca1f5e.jpg', 'checksum': 'daffb2c3a8a39269d10634ea8f6e6d70', 'status': 'downloaded'}]"
"“A day without sunshine is like, you know, night.”",Steve Martin,"humor,obvious,simile","August 14, 1945","in Waco, Texas, The United States",https://upload.wikimedia.org/wikipedia/commons/thumb/0/0a/Steve_Martin%2C_2017-08-11.jpg/1280px-Steve_Martin%2C_2017-08-11.jpg,"[{'url': 'https://upload.wikimedia.org/wikipedia/commons/thumb/0/0a/Steve_Martin%2C_2017-08-11.jpg/1280px-Steve_Martin%2C_2017-08-11.jpg', 'path': 'full/c0bc279b04d6c05b50a24cbb9bb309a12f2dbb4d.jpg', 'checksum': 'cedadbae2c90a8845a52746009097e41', 'status': 'downloaded'}]"
"“I may not have gone where I intended to go, but I think I have ended up where I needed to be.”",Douglas Adams,"life,navigation","March 11, 1952","in Cambridge, England, The United Kingdom",https://upload.wikimedia.org/wikipedia/commons/thumb/c/c0/Douglas_adams_portrait_cropped.jpg/1280px-Douglas_adams_portrait_cropped.jpg,"[{'url': 'https://upload.wikimedia.org/wikipedia/commons/thumb/c/c0/Douglas_adams_portrait_cropped.jpg/1280px-Douglas_adams_portrait_cropped.jpg', 'path': 'full/3d8cb6d3ca14d6115009b8f81451a7e8c959ab1c.jpg', 'checksum': 'c7d0eb25865df2a395b9606950bff261', 'status': 'downloaded'}]"
"“Good friends, good books, and a sleepy conscience: this is the ideal life.”",Mark Twain,"books,contentment,friends,friendship,life","November 30, 1835","in Florida, Missouri, The United States",https://upload.wikimedia.org/wikipedia/commons/thumb/0/0c/Mark_Twain_by_AF_Bradley.jpg/1280px-Mark_Twain_by_AF_Bradley.jpg,"[{'url': 'https://upload.wikimedia.org/wikipedia/commons/thumb/0/0c/Mark_Twain_by_AF_Bradley.jpg/1280px-Mark_Twain_by_AF_Bradley.jpg', 'path': 'full/5aa96ae7741a7f449062a8fa21d9ba04be349c10.jpg', 'checksum': '2c8792bf9e2702de215ea8a5099d31fb', 'status': 'downloaded'}]"
“There are only two ways to live your life. One is as though nothing is a miracle. The other is as though everything is a miracle.”,Albert Einstein,"inspirational,life,live,miracle,miracles","March 14, 1879","in Ulm, Germany",https://upload.wikimedia.org/wikipedia/commons/thumb/3/3e/Einstein_1921_by_F_Schmutzer_-_restoration.jpg/1280px-Einstein_1921_by_F_Schmutzer_-_restoration.jpg,"[{'url': 'https://upload.wikimedia.org/wikipedia/commons/thumb/3/3e/Einstein_1921_by_F_Schmutzer_-_restoration.jpg/1280px-Einstein_1921_by_F_Schmutzer_-_restoration.jpg', 'path': 'full/4f5cac5a8fd769e8d99283af96dd5d4f80464d48.jpg', 'checksum': 'feb6831cb8cd65d196be883f73c7f277', 'status': 'downloaded'}]"
“Try not to become a man of success. Rather become a man of value.”,Albert Einstein,"adulthood,success,value","March 14, 1879","in Ulm, Germany",https://upload.wikimedia.org/wikipedia/commons/thumb/3/3e/Einstein_1921_by_F_Schmutzer_-_restoration.jpg/1280px-Einstein_1921_by_F_Schmutzer_-_restoration.jpg,"[{'url': 'https://upload.wikimedia.org/wikipedia/commons/thumb/3/3e/Einstein_1921_by_F_Schmutzer_-_restoration.jpg/1280px-Einstein_1921_by_F_Schmutzer_-_restoration.jpg', 'path': 'full/4f5cac5a8fd769e8d99283af96dd5d4f80464d48.jpg', 'checksum': 'feb6831cb8cd65d196be883f73c7f277', 'status': 'downloaded'}]"
“The world as we have created it is a process of our thinking. It cannot be changed without changing our thinking.”,Albert Einstein,"change,deep-thoughts,thinking,world","March 14, 1879","in Ulm, Germany",https://upload.wikimedia.org/wikipedia/commons/thumb/3/3e/Einstein_1921_by_F_Schmutzer_-_restoration.jpg/1280px-Einstein_1921_by_F_Schmutzer_-_restoration.jpg,"[{'url': 'https://upload.wikimedia.org/wikipedia/commons/thumb/3/3e/Einstein_1921_by_F_Schmutzer_-_restoration.jpg/1280px-Einstein_1921_by_F_Schmutzer_-_restoration.jpg', 'path': 'full/4f5cac5a8fd769e8d99283af96dd5d4f80464d48.jpg', 'checksum': 'feb6831cb8cd65d196be883f73c7f277', 'status': 'downloaded'}]"
“It is better to be hated for what you are than to be loved for what you are not.”,André Gide,"life,love","November 22, 1869","in Paris, France",https://upload.wikimedia.org/wikipedia/commons/thumb/4/42/Andr%C3%A9_Gide.jpg/1280px-Andr%C3%A9_Gide.jpg,"[{'url': 'https://upload.wikimedia.org/wikipedia/commons/thumb/4/42/Andr%C3%A9_Gide.jpg/1280px-Andr%C3%A9_Gide.jpg', 'path': 'full/9be211a3ca54dfab4914b7ac4b09d20c7d75b068.jpg', 'checksum': 'f8b1dcc4795670df77d4d16c8cbd3b3a', 'status': 'downloaded'}]"
"“Imperfection is beauty, madness is genius and it's better to be absolutely ridiculous than absolutely boring.”",Marilyn Monroe,"be-yourself,inspirational","June 01, 1926",in The United States,https://upload.wikimedia.org/wikipedia/commons/thumb/4/4e/Monroecirca1953.jpg/1280px-Monroecirca1953.jpg,"[{'url': 'https://upload.wikimedia.org/wikipedia/commons/thumb/4/4e/Monroecirca1953.jpg/1280px-Monroecirca1953.jpg', 'path': 'full/a5dbd7a02894fea219a7d97d143130925fa63df0.jpg', 'checksum': '22b4c9e294b1e74d03ab6932ca2e93d2', 'status': 'downloaded'}]"
"“The opposite of love is not hate, it's indifference. The opposite of art is not ugliness, it's indifference. The opposite of faith is not heresy, it's indifference. And the opposite of life is not death, it's indifference.”",Elie Wiesel,"activism,apathy,hate,indifference,inspirational,love,opposite,philosophy","September 30, 1928","in Sighet, Romania",https://upload.wikimedia.org/wikipedia/commons/thumb/d/da/ELIE_WIESEL_%285112581267%29.jpg/1280px-ELIE_WIESEL_%285112581267%29.jpg,"[{'url': 'https://upload.wikimedia.org/wikipedia/commons/thumb/d/da/ELIE_WIESEL_%285112581267%29.jpg/1280px-ELIE_WIESEL_%285112581267%29.jpg', 'path': 'full/36c3dfd99042d58abb821a258a40c69d07b68845.jpg', 'checksum': 'f1c127eb37a86924de029e1fa1389058', 'status': 'downloaded'}]"
“A woman is like a tea bag; you never know how strong it is until it's in hot water.”,Eleanor Roosevelt,misattributed-eleanor-roosevelt,"October 11, 1884",in The United States,https://upload.wikimedia.org/wikipedia/commons/thumb/2/22/Eleanor_Roosevelt_portrait_1933.jpg/1280px-Eleanor_Roosevelt_portrait_1933.jpg,"[{'url': 'https://upload.wikimedia.org/wikipedia/commons/thumb/2/22/Eleanor_Roosevelt_portrait_1933.jpg/1280px-Eleanor_Roosevelt_portrait_1933.jpg', 'path': 'full/24594026b2fd1f9f66411dfa09e9ea1dd5ebc57e.jpg', 'checksum': '7a9a703615eef9afddd8b6adb6e84031', 'status': 'downloaded'}]"
"“I like nonsense, it wakes up the brain cells. Fantasy is a necessary ingredient in living.”",Dr. Seuss,fantasy,"March 02, 1904","in Springfield, MA, The United States",https://upload.wikimedia.org/wikipedia/commons/thumb/1/18/Theodor_Seuss_Geisel_%2801037v%29.jpg/1280px-Theodor_Seuss_Geisel_%2801037v%29.jpg,"[{'url': 'https://upload.wikimedia.org/wikipedia/commons/thumb/1/18/Theodor_Seuss_Geisel_%2801037v%29.jpg/1280px-Theodor_Seuss_Geisel_%2801037v%29.jpg', 'path': 'full/efd5db5436af552b4f8a479188b629cdc50e56a2.jpg', 'checksum': '231d2a5d905de0f7c0fa82a569715cd1', 'status': 'downloaded'}]"
"“It is not a lack of love, but a lack of friendship that makes unhappy marriages.”",Friedrich Nietzsche,"friendship,lack-of-friendship,lack-of-love,love,marriage,unhappy-marriage","October 15, 1844","in Röcken bei Lützen, Prussian Province of Saxony, Germany",https://upload.wikimedia.org/wikipedia/commons/thumb/1/1b/Nietzsche187a.jpg/1280px-Nietzsche187a.jpg,"[{'url': 'https://upload.wikimedia.org/wikipedia/commons/thumb/1/1b/Nietzsche187a.jpg/1280px-Nietzsche187a.jpg', 'path': 'full/26865ae85e2ea8c59bce0c9d15077723d6e98c3a.jpg', 'checksum': 'eb98ca312fe6c5210ea081066923940a', 'status': 'downloaded'}]"
"“You may not be her first, her last, or her only. She loved before she may love again. But if she loves you now, what else matters? She's not perfect—you aren't either, and the two of you may never be perfect together but if she can make you laugh, cause you to think twice, and admit to being human and making mistakes, hold onto her and give her the most you can. She may not be thinking about you every second of the day, but she will give you a part of her that she knows you can break—her heart. So don't hurt her, don't change her, don't analyze and don't expect more than she can give. Smile when she makes you happy, let her know when she makes you mad, and miss her when she's not there.”",Bob Marley,love,"February 06, 1945","in Nine Mile, Saint Ann, Jamaica",https://upload.wikimedia.org/wikipedia/commons/thumb/5/5e/Bob-Marley.jpg/1280px-Bob-Marley.jpg,"[{'url': 'https://upload.wikimedia.org/wikipedia/commons/thumb/5/5e/Bob-Marley.jpg/1280px-Bob-Marley.jpg', 'path': 'full/b3b6ae427791b3d6306e28f37221ddf42a4fd313.jpg', 'checksum': '4f75a2ba4581fc752372a2adb7d20e6e', 'status': 'downloaded'}]"
"“One good thing about music, when it hits you, you feel no pain.”",Bob Marley,music,"February 06, 1945","in Nine Mile, Saint Ann, Jamaica",https://upload.wikimedia.org/wikipedia/commons/thumb/5/5e/Bob-Marley.jpg/1280px-Bob-Marley.jpg,"[{'url': 'https://upload.wikimedia.org/wikipedia/commons/thumb/5/5e/Bob-Marley.jpg/1280px-Bob-Marley.jpg', 'path': 'full/b3b6ae427791b3d6306e28f37221ddf42a4fd313.jpg', 'checksum': '4f75a2ba4581fc752372a2adb7d20e6e', 'status': 'downloaded'}]"
"“This life is what you make it. No matter what, you're going to mess up sometimes, it's a universal truth. But the good part is you get to decide how you're going to mess it up. Girls will be your friends - they'll act like it anyway. But just remember, some come, some go. The ones that stay with you through everything - they're your true best friends. Don't let go of them. Also remember, sisters make the best friends in the world. As for lovers, well, they'll come and go too. And baby, I hate to say it, most of them - actually pretty much all of them are going to break your heart, but you can't give up because if you give up, you'll never find your soulmate. You'll never find that half who makes you whole and that goes for everything. Just because you fail once, doesn't mean you're gonna fail at everything. Keep trying, hold on, and always, always, always believe in yourself, because if you don't, then who will, sweetie? So keep your head high, keep your chin up, and most importantly, keep smiling, because life's a beautiful thing and there's so much to smile about.”",Marilyn Monroe,"friends,heartbreak,inspirational,life,love,sisters","June 01, 1926",in The United States,https://upload.wikimedia.org/wikipedia/commons/thumb/4/4e/Monroecirca1953.jpg/1280px-Monroecirca1953.jpg,"[{'url': 'https://upload.wikimedia.org/wikipedia/commons/thumb/4/4e/Monroecirca1953.jpg/1280px-Monroecirca1953.jpg', 'path': 'full/a5dbd7a02894fea219a7d97d143130925fa63df0.jpg', 'checksum': '22b4c9e294b1e74d03ab6932ca2e93d2', 'status': 'downloaded'}]"
"“It takes a great deal of bravery to stand up to our enemies, but just as much to stand up to our friends.”",J.K. Rowling,"courage,friends","July 31, 1965","in Yate, South Gloucestershire, England, The United Kingdom",https://upload.wikimedia.org/wikipedia/commons/thumb/5/5d/J._K._Rowling_2010.jpg/1280px-J._K._Rowling_2010.jpg,"[{'url': 'https://upload.wikimedia.org/wikipedia/commons/thumb/5/5d/J._K._Rowling_2010.jpg/1280px-J._K._Rowling_2010.jpg', 'path': 'full/67931e69367794fed5aba6adfce69cc8c6a2792b.jpg', 'checksum': 'ed591c7b7e9bf1d935519a56a252a23c', 'status': 'downloaded'}]"
"“If you can't explain it to a six year old, you don't understand it yourself.”",Albert Einstein,"simplicity,understand","March 14, 1879","in Ulm, Germany",https://upload.wikimedia.org/wikipedia/commons/thumb/3/3e/Einstein_1921_by_F_Schmutzer_-_restoration.jpg/1280px-Einstein_1921_by_F_Schmutzer_-_restoration.jpg,"[{'url': 'https://upload.wikimedia.org/wikipedia/commons/thumb/3/3e/Einstein_1921_by_F_Schmutzer_-_restoration.jpg/1280px-Einstein_1921_by_F_Schmutzer_-_restoration.jpg', 'path': 'full/4f5cac5a8fd769e8d99283af96dd5d4f80464d48.jpg', 'checksum': 'feb6831cb8cd65d196be883f73c7f277', 'status': 'downloaded'}]"
"“It is impossible to live without failing at something, unless you live so cautiously that you might as well not have lived at all - in which case, you fail by default.”",J.K. Rowling,,"July 31, 1965","in Yate, South Gloucestershire, England, The United Kingdom",https://upload.wikimedia.org/wikipedia/commons/thumb/5/5d/J._K._Rowling_2010.jpg/1280px-J._K._Rowling_2010.jpg,"[{'url': 'https://upload.wikimedia.org/wikipedia/commons/thumb/5/5d/J._K._Rowling_2010.jpg/1280px-J._K._Rowling_2010.jpg', 'path': 'full/67931e69367794fed5aba6adfce69cc8c6a2792b.jpg', 'checksum': 'ed591c7b7e9bf1d935519a56a252a23c', 'status': 'downloaded'}]"
“Logic will get you from A to Z; imagination will get you everywhere.”,Albert Einstein,imagination,"March 14, 1879","in Ulm, Germany",https://upload.wikimedia.org/wikipedia/commons/thumb/3/3e/Einstein_1921_by_F_Schmutzer_-_restoration.jpg/1280px-Einstein_1921_by_F_Schmutzer_-_restoration.jpg,"[{'url': 'https://upload.wikimedia.org/wikipedia/commons/thumb/3/3e/Einstein_1921_by_F_Schmutzer_-_restoration.jpg/1280px-Einstein_1921_by_F_Schmutzer_-_restoration.jpg', 'path': 'full/4f5cac5a8fd769e8d99283af96dd5d4f80464d48.jpg', 'checksum': 'feb6831cb8cd65d196be883f73c7f277', 'status': 'downloaded'}]"
"“To the well-organized mind, death is but the next great adventure.”",J.K. Rowling,"death,inspirational","July 31, 1965","in Yate, South Gloucestershire, England, The United Kingdom",https://upload.wikimedia.org/wikipedia/commons/thumb/5/5d/J._K._Rowling_2010.jpg/1280px-J._K._Rowling_2010.jpg,"[{'url': 'https://upload.wikimedia.org/wikipedia/commons/thumb/5/5d/J._K._Rowling_2010.jpg/1280px-J._K._Rowling_2010.jpg', 'path': 'full/67931e69367794fed5aba6adfce69cc8c6a2792b.jpg', 'checksum': 'ed591c7b7e9bf1d935519a56a252a23c', 'status': 'downloaded'}]"
“Any fool can know. The point is to understand.”,Albert Einstein,"knowledge,learning,understanding,wisdom","March 14, 1879","in Ulm, Germany",https://upload.wikimedia.org/wikipedia/commons/thumb/3/3e/Einstein_1921_by_F_Schmutzer_-_restoration.jpg/1280px-Einstein_1921_by_F_Schmutzer_-_restoration.jpg,"[{'url': 'https://upload.wikimedia.org/wikipedia/commons/thumb/3/3e/Einstein_1921_by_F_Schmutzer_-_restoration.jpg/1280px-Einstein_1921_by_F_Schmutzer_-_restoration.jpg', 'path': 'full/4f5cac5a8fd769e8d99283af96dd5d4f80464d48.jpg', 'checksum': 'feb6831cb8cd65d196be883f73c7f277', 'status': 'downloaded'}]"
“We read to know we're not alone.”,William Nicholson,"misattributed-to-c-s-lewis,reading","January 12, 1948","in Lewes, Sussex, The United Kingdom",https://upload.wikimedia.org/wikipedia/en/thumb/5/5f/Disambig_gray.svg/30px-Disambig_gray.svg.png,"[{'url': 'https://upload.wikimedia.org/wikipedia/en/thumb/5/5f/Disambig_gray.svg/30px-Disambig_gray.svg.png', 'path': 'full/ea9f82b53062c96fa51788ffaf8881801440210b.jpg', 'checksum': '643383a319e93222e2ff9a41801e4680', 'status': 'downloaded'}]"
"“Today you are You, that is truer than true. There is no one alive who is Youer than You.”",Dr. Seuss,"comedy,life,yourself","March 02, 1904","in Springfield, MA, The United States",https://upload.wikimedia.org/wikipedia/commons/thumb/1/18/Theodor_Seuss_Geisel_%2801037v%29.jpg/1280px-Theodor_Seuss_Geisel_%2801037v%29.jpg,"[{'url': 'https://upload.wikimedia.org/wikipedia/commons/thumb/1/18/Theodor_Seuss_Geisel_%2801037v%29.jpg/1280px-Theodor_Seuss_Geisel_%2801037v%29.jpg', 'path': 'full/efd5db5436af552b4f8a479188b629cdc50e56a2.jpg', 'checksum': '231d2a5d905de0f7c0fa82a569715cd1', 'status': 'downloaded'}]"
“It is never too late to be what you might have been.”,George Eliot,inspirational,"November 22, 1819","in South Farm, Arbury Hall, Nuneaton, Warwickshire, The United Kingdom",https://upload.wikimedia.org/wikipedia/commons/thumb/4/48/George_Eliot%2C_por_Fran%C3%A7ois_D%27Albert_Durade.jpg/1280px-George_Eliot%2C_por_Fran%C3%A7ois_D%27Albert_Durade.jpg,"[{'url': 'https://upload.wikimedia.org/wikipedia/commons/thumb/4/48/George_Eliot%2C_por_Fran%C3%A7ois_D%27Albert_Durade.jpg/1280px-George_Eliot%2C_por_Fran%C3%A7ois_D%27Albert_Durade.jpg', 'path': 'full/ada103a6287532723e2e3378f64ead73a677babe.jpg', 'checksum': 'd1b302ede2d1e0d7ebd49be2f7ef1db2', 'status': 'downloaded'}]"
"“If you want your children to be intelligent, read them fairy tales. If you want them to be more intelligent, read them more fairy tales.”",Albert Einstein,"children,fairy-tales","March 14, 1879","in Ulm, Germany",https://upload.wikimedia.org/wikipedia/commons/thumb/3/3e/Einstein_1921_by_F_Schmutzer_-_restoration.jpg/1280px-Einstein_1921_by_F_Schmutzer_-_restoration.jpg,"[{'url': 'https://upload.wikimedia.org/wikipedia/commons/thumb/3/3e/Einstein_1921_by_F_Schmutzer_-_restoration.jpg/1280px-Einstein_1921_by_F_Schmutzer_-_restoration.jpg', 'path': 'full/4f5cac5a8fd769e8d99283af96dd5d4f80464d48.jpg', 'checksum': 'feb6831cb8cd65d196be883f73c7f277', 'status': 'downloaded'}]"
“All you need is love. But a little chocolate now and then doesn't hurt.”,Charles M. Schulz,"chocolate,food,humor","November 26, 1922","in Minneapolis, MN, The United States",https://upload.wikimedia.org/wikipedia/commons/thumb/b/ba/Charles_Schulz_NYWTS.jpg/1280px-Charles_Schulz_NYWTS.jpg,"[{'url': 'https://upload.wikimedia.org/wikipedia/commons/thumb/b/ba/Charles_Schulz_NYWTS.jpg/1280px-Charles_Schulz_NYWTS.jpg', 'path': 'full/916eff659ce2fd996e556c819e898ee7e360364f.jpg', 'checksum': 'fdf3fab6c8b641db6890f3577905f8fc', 'status': 'downloaded'}]"
“I have always imagined that Paradise will be a kind of library.”,Jorge Luis Borges,"books,library","August 24, 1899","in Buenos Aires, Argentina",https://upload.wikimedia.org/wikipedia/commons/thumb/c/c6/Jorge_Luis_Borges.jpg/1280px-Jorge_Luis_Borges.jpg,"[{'url': 'https://upload.wikimedia.org/wikipedia/commons/thumb/c/c6/Jorge_Luis_Borges.jpg/1280px-Jorge_Luis_Borges.jpg', 'path': 'full/ef5af1831ac0d904d865868c96286c2e563916a0.jpg', 'checksum': '69c85031378be43f751eb405236e74f6', 'status': 'downloaded'}]"
“Not all of us can do great things. But we can do small things with great love.”,Mother Teresa,"misattributed-to-mother-teresa,paraphrased","August 26, 1910","in Skopje, Macedonia, the Former Yugoslav Republic of",https://upload.wikimedia.org/wikipedia/commons/thumb/d/d6/Mother_Teresa_1.jpg/1280px-Mother_Teresa_1.jpg,"[{'url': 'https://upload.wikimedia.org/wikipedia/commons/thumb/d/d6/Mother_Teresa_1.jpg/1280px-Mother_Teresa_1.jpg', 'path': 'full/39a39dbbe191b4c895a0428480dc04c29afe7c65.jpg', 'checksum': 'd06c37e01ec8b02673dba0707ac49e1a', 'status': 'downloaded'}]"
"“If you judge people, you have no time to love them.”",Mother Teresa,attributed-no-source,"August 26, 1910","in Skopje, Macedonia, the Former Yugoslav Republic of",https://upload.wikimedia.org/wikipedia/commons/thumb/d/d6/Mother_Teresa_1.jpg/1280px-Mother_Teresa_1.jpg,"[{'url': 'https://upload.wikimedia.org/wikipedia/commons/thumb/d/d6/Mother_Teresa_1.jpg/1280px-Mother_Teresa_1.jpg', 'path': 'full/39a39dbbe191b4c895a0428480dc04c29afe7c65.jpg', 'checksum': 'd06c37e01ec8b02673dba0707ac49e1a', 'status': 'downloaded'}]"
“Beauty is in the eye of the beholder and it may be necessary from time to time to give a stupid or misinformed beholder a black eye.”,Jim Henson,humor,"September 24, 1936","in Greenville, Mississippi, The United States",https://upload.wikimedia.org/wikipedia/commons/thumb/8/82/NHS_Jim_Henson_Display_%28cropped%29.jpg/1280px-NHS_Jim_Henson_Display_%28cropped%29.jpg,"[{'url': 'https://upload.wikimedia.org/wikipedia/commons/thumb/8/82/NHS_Jim_Henson_Display_%28cropped%29.jpg/1280px-NHS_Jim_Henson_Display_%28cropped%29.jpg', 'path': 'full/868aff678483dac8467a713fa1326d96a2fcecd3.jpg', 'checksum': '07ce757470abe38dc4cc72dcbe492ee7', 'status': 'downloaded'}]"
“For every minute you are angry you lose sixty seconds of happiness.”,Ralph Waldo Emerson,happiness,"May 25, 1803","in Boston, Massachusetts, The United States",https://upload.wikimedia.org/wikipedia/commons/thumb/d/d5/Ralph_Waldo_Emerson_ca1857_retouched.jpg/1280px-Ralph_Waldo_Emerson_ca1857_retouched.jpg,"[{'url': 'https://upload.wikimedia.org/wikipedia/commons/thumb/d/d5/Ralph_Waldo_Emerson_ca1857_retouched.jpg/1280px-Ralph_Waldo_Emerson_ca1857_retouched.jpg', 'path': 'full/78a2a1fdfa184c2ba291f6601dca9b3c90974eec.jpg', 'checksum': 'ded7cd8a132dac8a099231676ee1abc2', 'status': 'downloaded'}]"
“Anyone who thinks sitting in church can make you a Christian must also think that sitting in a garage can make you a car.”,Garrison Keillor,"humor,religion","August 07, 1942","in Anoka, Minnesota, The United States",https://upload.wikimedia.org/wikipedia/commons/thumb/4/49/GKpress.jpg/1280px-GKpress.jpg,"[{'url': 'https://upload.wikimedia.org/wikipedia/commons/thumb/4/49/GKpress.jpg/1280px-GKpress.jpg', 'path': 'full/f9b7e8347203f9d65b59b03add415bf15c0ef958.jpg', 'checksum': '0cd9dba5b3fe3e0d0ad4b048d7bdf675', 'status': 'downloaded'}]"
"“I love you without knowing how, or when, or from where. I love you simply, without problems or pride: I love you in this way because I do not know any other way of loving but this, in which there is no I or you, so intimate that your hand upon my chest is my hand, so intimate that when I fall asleep your eyes close.”",Pablo Neruda,"love,poetry","July 12, 1904","in Parral, Chile",https://upload.wikimedia.org/wikipedia/commons/thumb/8/86/Pablo_Neruda_1963.jpg/1280px-Pablo_Neruda_1963.jpg,"[{'url': 'https://upload.wikimedia.org/wikipedia/commons/thumb/8/86/Pablo_Neruda_1963.jpg/1280px-Pablo_Neruda_1963.jpg', 'path': 'full/72bed51fd472f252b14035c7cb8955df75a43559.jpg', 'checksum': '98004eea353fdc8537803fd25f0cc6a9', 'status': 'downloaded'}]"
"“The truth is, everyone is going to hurt you. You just got to find the ones worth suffering for.”",Bob Marley,friendship,"February 06, 1945","in Nine Mile, Saint Ann, Jamaica",https://upload.wikimedia.org/wikipedia/commons/thumb/5/5e/Bob-Marley.jpg/1280px-Bob-Marley.jpg,"[{'url': 'https://upload.wikimedia.org/wikipedia/commons/thumb/5/5e/Bob-Marley.jpg/1280px-Bob-Marley.jpg', 'path': 'full/b3b6ae427791b3d6306e28f37221ddf42a4fd313.jpg', 'checksum': '4f75a2ba4581fc752372a2adb7d20e6e', 'status': 'downloaded'}]"
"“Of course it is happening inside your head, Harry, but why on earth should that mean that it is not real?”",J.K. Rowling,dumbledore,"July 31, 1965","in Yate, South Gloucestershire, England, The United Kingdom",https://upload.wikimedia.org/wikipedia/commons/thumb/5/5d/J._K._Rowling_2010.jpg/1280px-J._K._Rowling_2010.jpg,"[{'url': 'https://upload.wikimedia.org/wikipedia/commons/thumb/5/5d/J._K._Rowling_2010.jpg/1280px-J._K._Rowling_2010.jpg', 'path': 'full/67931e69367794fed5aba6adfce69cc8c6a2792b.jpg', 'checksum': 'ed591c7b7e9bf1d935519a56a252a23c', 'status': 'downloaded'}]"
"“If you can make a woman laugh, you can make her do anything.”",Marilyn Monroe,"girls,love","June 01, 1926",in The United States,https://upload.wikimedia.org/wikipedia/commons/thumb/4/4e/Monroecirca1953.jpg/1280px-Monroecirca1953.jpg,"[{'url': 'https://upload.wikimedia.org/wikipedia/commons/thumb/4/4e/Monroecirca1953.jpg/1280px-Monroecirca1953.jpg', 'path': 'full/a5dbd7a02894fea219a7d97d143130925fa63df0.jpg', 'checksum': '22b4c9e294b1e74d03ab6932ca2e93d2', 'status': 'downloaded'}]"
“The real lover is the man who can thrill you by kissing your forehead or smiling into your eyes or just staring into space.”,Marilyn Monroe,love,"June 01, 1926",in The United States,https://upload.wikimedia.org/wikipedia/commons/thumb/4/4e/Monroecirca1953.jpg/1280px-Monroecirca1953.jpg,"[{'url': 'https://upload.wikimedia.org/wikipedia/commons/thumb/4/4e/Monroecirca1953.jpg/1280px-Monroecirca1953.jpg', 'path': 'full/a5dbd7a02894fea219a7d97d143130925fa63df0.jpg', 'checksum': '22b4c9e294b1e74d03ab6932ca2e93d2', 'status': 'downloaded'}]"
“You believe lies so you eventually learn to trust no one but yourself.”,Marilyn Monroe,,"June 01, 1926",in The United States,https://upload.wikimedia.org/wikipedia/commons/thumb/4/4e/Monroecirca1953.jpg/1280px-Monroecirca1953.jpg,"[{'url': 'https://upload.wikimedia.org/wikipedia/commons/thumb/4/4e/Monroecirca1953.jpg/1280px-Monroecirca1953.jpg', 'path': 'full/a5dbd7a02894fea219a7d97d143130925fa63df0.jpg', 'checksum': '22b4c9e294b1e74d03ab6932ca2e93d2', 'status': 'downloaded'}]"
"“It matters not what someone is born, but what they grow to be.”",J.K. Rowling,dumbledore,"July 31, 1965","in Yate, South Gloucestershire, England, The United Kingdom",https://upload.wikimedia.org/wikipedia/commons/thumb/5/5d/J._K._Rowling_2010.jpg/1280px-J._K._Rowling_2010.jpg,"[{'url': 'https://upload.wikimedia.org/wikipedia/commons/thumb/5/5d/J._K._Rowling_2010.jpg/1280px-J._K._Rowling_2010.jpg', 'path': 'full/67931e69367794fed5aba6adfce69cc8c6a2792b.jpg', 'checksum': 'ed591c7b7e9bf1d935519a56a252a23c', 'status': 'downloaded'}]"
"“Life is like riding a bicycle. To keep your balance, you must keep moving.”",Albert Einstein,"life,simile","March 14, 1879","in Ulm, Germany",https://upload.wikimedia.org/wikipedia/commons/thumb/3/3e/Einstein_1921_by_F_Schmutzer_-_restoration.jpg/1280px-Einstein_1921_by_F_Schmutzer_-_restoration.jpg,"[{'url': 'https://upload.wikimedia.org/wikipedia/commons/thumb/3/3e/Einstein_1921_by_F_Schmutzer_-_restoration.jpg/1280px-Einstein_1921_by_F_Schmutzer_-_restoration.jpg', 'path': 'full/4f5cac5a8fd769e8d99283af96dd5d4f80464d48.jpg', 'checksum': 'feb6831cb8cd65d196be883f73c7f277', 'status': 'downloaded'}]"
"“A wise girl kisses but doesn't love, listens but doesn't believe, and leaves before she is left.”",Marilyn Monroe,attributed-no-source,"June 01, 1926",in The United States,https://upload.wikimedia.org/wikipedia/commons/thumb/4/4e/Monroecirca1953.jpg/1280px-Monroecirca1953.jpg,"[{'url': 'https://upload.wikimedia.org/wikipedia/commons/thumb/4/4e/Monroecirca1953.jpg/1280px-Monroecirca1953.jpg', 'path': 'full/a5dbd7a02894fea219a7d97d143130925fa63df0.jpg', 'checksum': '22b4c9e294b1e74d03ab6932ca2e93d2', 'status': 'downloaded'}]"
"“The more that you read, the more things you will know. The more that you learn, the more places you'll go.”",Dr. Seuss,"learning,reading,seuss","March 02, 1904","in Springfield, MA, The United States",https://upload.wikimedia.org/wikipedia/commons/thumb/1/18/Theodor_Seuss_Geisel_%2801037v%29.jpg/1280px-Theodor_Seuss_Geisel_%2801037v%29.jpg,"[{'url': 'https://upload.wikimedia.org/wikipedia/commons/thumb/1/18/Theodor_Seuss_Geisel_%2801037v%29.jpg/1280px-Theodor_Seuss_Geisel_%2801037v%29.jpg', 'path': 'full/efd5db5436af552b4f8a479188b629cdc50e56a2.jpg', 'checksum': '231d2a5d905de0f7c0fa82a569715cd1', 'status': 'downloaded'}]"
"“Love does not begin and end the way we seem to think it does. Love is a battle, love is a war; love is a growing up.”",James Baldwin,love,"August 02, 1924","in Harlem, New York, The United States",https://upload.wikimedia.org/wikipedia/commons/thumb/f/f3/James_Baldwin_37_Allan_Warren_%28cropped%29.jpg/250px-James_Baldwin_37_Allan_Warren_%28cropped%29.jpg,"[{'url': 'https://upload.wikimedia.org/wikipedia/commons/thumb/f/f3/James_Baldwin_37_Allan_Warren_%28cropped%29.jpg/250px-James_Baldwin_37_Allan_Warren_%28cropped%29.jpg', 'path': 'full/ad8028585ef13aee0940527a824512239e3a67e3.jpg', 'checksum': '58b77cee6ec65fffffc45a7d84d71b64', 'status': 'downloaded'}]"
“You can never get a cup of tea large enough or a book long enough to suit me.”,C.S. Lewis,"books,inspirational,reading,tea","November 29, 1898","in Belfast, Ireland",https://upload.wikimedia.org/wikipedia/en/thumb/1/1e/C.s.lewis3.JPG/1280px-C.s.lewis3.JPG,"[{'url': 'https://upload.wikimedia.org/wikipedia/en/thumb/1/1e/C.s.lewis3.JPG/1280px-C.s.lewis3.JPG', 'path': 'full/c8c7af0f86f82275a53f26bd9f4fca2723665431.jpg', 'checksum': '724d7313ea3073425132343482900577', 'status': 'downloaded'}]"
“Only in the darkness can you see the stars.”,Martin Luther King Jr.,"hope,inspirational","January 15, 1929","in Atlanta, Georgia, The United States",https://upload.wikimedia.org/wikipedia/commons/thumb/0/05/Martin_Luther_King%2C_Jr..jpg/1280px-Martin_Luther_King%2C_Jr..jpg,"[{'url': 'https://upload.wikimedia.org/wikipedia/commons/thumb/0/05/Martin_Luther_King%2C_Jr..jpg/1280px-Martin_Luther_King%2C_Jr..jpg', 'path': 'full/81ee6d5c22eac1cb9d305d758af5723a4df22954.jpg', 'checksum': 'bfd6d528fae9c26f9c39ab1e35da5848', 'status': 'downloaded'}]"
"“If I were not a physicist, I would probably be a musician. I often think in music. I live my daydreams in music. I see my life in terms of music.”",Albert Einstein,music,"March 14, 1879","in Ulm, Germany",https://upload.wikimedia.org/wikipedia/commons/thumb/3/3e/Einstein_1921_by_F_Schmutzer_-_restoration.jpg/1280px-Einstein_1921_by_F_Schmutzer_-_restoration.jpg,"[{'url': 'https://upload.wikimedia.org/wikipedia/commons/thumb/3/3e/Einstein_1921_by_F_Schmutzer_-_restoration.jpg/1280px-Einstein_1921_by_F_Schmutzer_-_restoration.jpg', 'path': 'full/4f5cac5a8fd769e8d99283af96dd5d4f80464d48.jpg', 'checksum': 'feb6831cb8cd65d196be883f73c7f277', 'status': 'downloaded'}]"
"“A reader lives a thousand lives before he dies, said Jojen. The man who never reads lives only one.”",George R.R. Martin,"read,readers,reading,reading-books","September 20, 1948","in Bayonne, New Jersey, The United States",https://upload.wikimedia.org/wikipedia/commons/thumb/e/ed/Portrait_photoshoot_at_Worldcon_75%2C_Helsinki%2C_before_the_Hugo_Awards_%E2%80%93_George_R._R._Martin.jpg/1280px-Portrait_photoshoot_at_Worldcon_75%2C_Helsinki%2C_before_the_Hugo_Awards_%E2%80%93_George_R._R._Martin.jpg,"[{'url': 'https://upload.wikimedia.org/wikipedia/commons/thumb/e/ed/Portrait_photoshoot_at_Worldcon_75%2C_Helsinki%2C_before_the_Hugo_Awards_%E2%80%93_George_R._R._Martin.jpg/1280px-Portrait_photoshoot_at_Worldcon_75%2C_Helsinki%2C_before_the_Hugo_Awards_%E2%80%93_George_R._R._Martin.jpg', 'path': 'full/f847ef1b8dbce7af90b54cdb157ea235a513c824.jpg', 'checksum': '9ee0de2ea81f5c3481891befc8300072', 'status': 'downloaded'}]"
“The difference between genius and stupidity is: genius has its limits.”,Alexandre Dumas fils,misattributed-to-einstein,"July 27, 1824","in Paris, France",https://upload.wikimedia.org/wikipedia/commons/thumb/d/d1/Alexandre_Dumas_fils.jpg/1280px-Alexandre_Dumas_fils.jpg,"[{'url': 'https://upload.wikimedia.org/wikipedia/commons/thumb/d/d1/Alexandre_Dumas_fils.jpg/1280px-Alexandre_Dumas_fils.jpg', 'path': 'full/b33d925882291a281a54863e21db6668c5faed5d.jpg', 'checksum': '610edac98ece16323b9826b3c1702aca', 'status': 'downloaded'}]"
“Finish each day and be done with it. You have done what you could. Some blunders and absurdities no doubt crept in; forget them as soon as you can. Tomorrow is a new day. You shall begin it serenely and with too high a spirit to be encumbered with your old nonsense.”,Ralph Waldo Emerson,"life,regrets","May 25, 1803","in Boston, Massachusetts, The United States",https://upload.wikimedia.org/wikipedia/commons/thumb/d/d5/Ralph_Waldo_Emerson_ca1857_retouched.jpg/1280px-Ralph_Waldo_Emerson_ca1857_retouched.jpg,"[{'url': 'https://upload.wikimedia.org/wikipedia/commons/thumb/d/d5/Ralph_Waldo_Emerson_ca1857_retouched.jpg/1280px-Ralph_Waldo_Emerson_ca1857_retouched.jpg', 'path': 'full/78a2a1fdfa184c2ba291f6601dca9b3c90974eec.jpg', 'checksum': 'ded7cd8a132dac8a099231676ee1abc2', 'status': 'downloaded'}]"
“I have never let my schooling interfere with my education.”,Mark Twain,education,"November 30, 1835","in Florida, Missouri, The United States",https://upload.wikimedia.org/wikipedia/commons/thumb/0/0c/Mark_Twain_by_AF_Bradley.jpg/1280px-Mark_Twain_by_AF_Bradley.jpg,"[{'url': 'https://upload.wikimedia.org/wikipedia/commons/thumb/0/0c/Mark_Twain_by_AF_Bradley.jpg/1280px-Mark_Twain_by_AF_Bradley.jpg', 'path': 'full/5aa96ae7741a7f449062a8fa21d9ba04be349c10.jpg', 'checksum': '2c8792bf9e2702de215ea8a5099d31fb', 'status': 'downloaded'}]"
"“I am good, but not an angel. I do sin, but I am not the devil. I am just a small girl in a big world trying to find someone to love.”",Marilyn Monroe,attributed-no-source,"June 01, 1926",in The United States,https://upload.wikimedia.org/wikipedia/commons/thumb/4/4e/Monroecirca1953.jpg/1280px-Monroecirca1953.jpg,"[{'url': 'https://upload.wikimedia.org/wikipedia/commons/thumb/4/4e/Monroecirca1953.jpg/1280px-Monroecirca1953.jpg', 'path': 'full/a5dbd7a02894fea219a7d97d143130925fa63df0.jpg', 'checksum': '22b4c9e294b1e74d03ab6932ca2e93d2', 'status': 'downloaded'}]"
"“There is nothing I would not do for those who are really my friends. I have no notion of loving people by halves, it is not my nature.”",Jane Austen,"friendship,love","December 16, 1775","in Steventon Rectory, Hampshire, The United Kingdom",https://upload.wikimedia.org/wikipedia/commons/thumb/c/cc/CassandraAusten-JaneAusten%28c.1810%29_hires.jpg/200px-CassandraAusten-JaneAusten%28c.1810%29_hires.jpg,"[{'url': 'https://upload.wikimedia.org/wikipedia/commons/thumb/c/cc/CassandraAusten-JaneAusten%28c.1810%29_hires.jpg/200px-CassandraAusten-JaneAusten%28c.1810%29_hires.jpg', 'path': 'full/202f06476c6ec2028a863a18c060034b47f77caa.jpg', 'checksum': '32e019a45a472738ef82f8f1c5aeac41', 'status': 'downloaded'}]"
“I have heard there are troubles of more than one kind. Some come from ahead and some come from behind. But I've bought a big bat. I'm all ready you see. Now my troubles are going to have troubles with me!”,Dr. Seuss,troubles,"March 02, 1904","in Springfield, MA, The United States",https://upload.wikimedia.org/wikipedia/commons/thumb/1/18/Theodor_Seuss_Geisel_%2801037v%29.jpg/1280px-Theodor_Seuss_Geisel_%2801037v%29.jpg,"[{'url': 'https://upload.wikimedia.org/wikipedia/commons/thumb/1/18/Theodor_Seuss_Geisel_%2801037v%29.jpg/1280px-Theodor_Seuss_Geisel_%2801037v%29.jpg', 'path': 'full/efd5db5436af552b4f8a479188b629cdc50e56a2.jpg', 'checksum': '231d2a5d905de0f7c0fa82a569715cd1', 'status': 'downloaded'}]"
“Do one thing every day that scares you.”,Eleanor Roosevelt,"attributed,fear,inspiration","October 11, 1884",in The United States,https://upload.wikimedia.org/wikipedia/commons/thumb/2/22/Eleanor_Roosevelt_portrait_1933.jpg/1280px-Eleanor_Roosevelt_portrait_1933.jpg,"[{'url': 'https://upload.wikimedia.org/wikipedia/commons/thumb/2/22/Eleanor_Roosevelt_portrait_1933.jpg/1280px-Eleanor_Roosevelt_portrait_1933.jpg', 'path': 'full/24594026b2fd1f9f66411dfa09e9ea1dd5ebc57e.jpg', 'checksum': '7a9a703615eef9afddd8b6adb6e84031', 'status': 'downloaded'}]"
"“He's like a drug for you, Bella.”",Stephenie Meyer,"drug,romance,simile","December 24, 1973","in Connecticut, The United States",https://upload.wikimedia.org/wikipedia/commons/thumb/6/63/Stephenie_Meyer_by_Gage_Skidmore.jpg/1280px-Stephenie_Meyer_by_Gage_Skidmore.jpg,"[{'url': 'https://upload.wikimedia.org/wikipedia/commons/thumb/6/63/Stephenie_Meyer_by_Gage_Skidmore.jpg/1280px-Stephenie_Meyer_by_Gage_Skidmore.jpg', 'path': 'full/4c34b18d81aa4362260a5bcb1c1d946666abd863.jpg', 'checksum': '011fad72f841b3667ef4d5125e25987e', 'status': 'downloaded'}]"
"“To love at all is to be vulnerable. Love anything and your heart will be wrung and possibly broken. If you want to make sure of keeping it intact you must give it to no one, not even an animal. Wrap it carefully round with hobbies and little luxuries; avoid all entanglements. Lock it up safe in the casket or coffin of your selfishness. But in that casket, safe, dark, motionless, airless, it will change. It will not be broken; it will become unbreakable, impenetrable, irredeemable. To love is to be vulnerable.”",C.S. Lewis,love,"November 29, 1898","in Belfast, Ireland",https://upload.wikimedia.org/wikipedia/en/thumb/1/1e/C.s.lewis3.JPG/1280px-C.s.lewis3.JPG,"[{'url': 'https://upload.wikimedia.org/wikipedia/en/thumb/1/1e/C.s.lewis3.JPG/1280px-C.s.lewis3.JPG', 'path': 'full/c8c7af0f86f82275a53f26bd9f4fca2723665431.jpg', 'checksum': '724d7313ea3073425132343482900577', 'status': 'downloaded'}]"
“There is no friend as loyal as a book.”,Ernest Hemingway,"books,friends,novelist-quotes","July 21, 1899","in Oak Park, Illinois, The United States",https://upload.wikimedia.org/wikipedia/commons/thumb/2/28/ErnestHemingway.jpg/1280px-ErnestHemingway.jpg,"[{'url': 'https://upload.wikimedia.org/wikipedia/commons/thumb/2/28/ErnestHemingway.jpg/1280px-ErnestHemingway.jpg', 'path': 'full/4a62ed7255305f0c52b4ec2a211531ff6ac62d93.jpg', 'checksum': 'a0e2704f4cd88d14f08d41d169a09c81', 'status': 'downloaded'}]"
“There is nothing to writing. All you do is sit down at a typewriter and bleed.”,Ernest Hemingway,"good,writing","July 21, 1899","in Oak Park, Illinois, The United States",https://upload.wikimedia.org/wikipedia/commons/thumb/2/28/ErnestHemingway.jpg/1280px-ErnestHemingway.jpg,"[{'url': 'https://upload.wikimedia.org/wikipedia/commons/thumb/2/28/ErnestHemingway.jpg/1280px-ErnestHemingway.jpg', 'path': 'full/4a62ed7255305f0c52b4ec2a211531ff6ac62d93.jpg', 'checksum': 'a0e2704f4cd88d14f08d41d169a09c81', 'status': 'downloaded'}]"
"“If you only read the books that everyone else is reading, you can only think what everyone else is thinking.”",Haruki Murakami,"books,thought","January 12, 1949","in Kyoto, Japan",https://upload.wikimedia.org/wikipedia/commons/thumb/e/eb/Murakami_Haruki_%282009%29.jpg/1280px-Murakami_Haruki_%282009%29.jpg,"[{'url': 'https://upload.wikimedia.org/wikipedia/commons/thumb/e/eb/Murakami_Haruki_%282009%29.jpg/1280px-Murakami_Haruki_%282009%29.jpg', 'path': 'full/91e402033271f1dc4f8906e75cab73c223331eb8.jpg', 'checksum': '63f8a9046d1fefa5bdc04da745999c60', 'status': 'downloaded'}]"
"“When one door of happiness closes, another opens; but often we look so long at the closed door that we do not see the one which has been opened for us.”",Helen Keller,inspirational,"June 27, 1880","in Tuscumbia, Alabama, The United States",https://upload.wikimedia.org/wikipedia/commons/thumb/3/3e/Helen_Keller_circa_1920_-_restored.jpg/1280px-Helen_Keller_circa_1920_-_restored.jpg,"[{'url': 'https://upload.wikimedia.org/wikipedia/commons/thumb/3/3e/Helen_Keller_circa_1920_-_restored.jpg/1280px-Helen_Keller_circa_1920_-_restored.jpg', 'path': 'full/fc34939ff7adbdbfd87347badbd5656999df1807.jpg', 'checksum': '9ecdfb0e267c66a9bae2c55a61643c07', 'status': 'downloaded'}]"
"“Do not pity the dead, Harry. Pity the living, and, above all those who live without love.”",J.K. Rowling,live-death-love,"July 31, 1965","in Yate, South Gloucestershire, England, The United Kingdom",https://upload.wikimedia.org/wikipedia/commons/thumb/5/5d/J._K._Rowling_2010.jpg/1280px-J._K._Rowling_2010.jpg,"[{'url': 'https://upload.wikimedia.org/wikipedia/commons/thumb/5/5d/J._K._Rowling_2010.jpg/1280px-J._K._Rowling_2010.jpg', 'path': 'full/67931e69367794fed5aba6adfce69cc8c6a2792b.jpg', 'checksum': 'ed591c7b7e9bf1d935519a56a252a23c', 'status': 'downloaded'}]"
"“That's the problem with drinking, I thought, as I poured myself a drink. If something bad happens you drink in an attempt to forget; if something good happens you drink in order to celebrate; and if nothing happens you drink to make something happen.”",Charles Bukowski,alcohol,"August 16, 1920","in Andernach, Germany",https://upload.wikimedia.org/wikipedia/en/e/e2/Charles_Bukowski_smoking.jpg,"[{'url': 'https://upload.wikimedia.org/wikipedia/en/e/e2/Charles_Bukowski_smoking.jpg', 'path': 'full/ac61d811231cde4774a9d46abbbb637e89a85b45.jpg', 'checksum': '20d43f6121fc874999a67de986fd14e1', 'status': 'downloaded'}]"
“Life isn't about finding yourself. Life is about creating yourself.”,George Bernard Shaw,"inspirational,life,yourself","July 26, 1856","in Dublin, Ireland",https://upload.wikimedia.org/wikipedia/en/thumb/3/30/Bernard-Shaw-ILN-1911-original.jpg/1280px-Bernard-Shaw-ILN-1911-original.jpg,"[{'url': 'https://upload.wikimedia.org/wikipedia/en/thumb/3/30/Bernard-Shaw-ILN-1911-original.jpg/1280px-Bernard-Shaw-ILN-1911-original.jpg', 'path': 'full/e52c69097b297d371366cbbb375866bc850f6309.jpg', 'checksum': 'f7b23bcf714c08d8e5df5dd28e109f60', 'status': 'downloaded'}]"
“′Classic′ - a book which people praise and don't read.”,Mark Twain,"books,classic,reading","November 30, 1835","in Florida, Missouri, The United States",https://upload.wikimedia.org/wikipedia/commons/thumb/0/0c/Mark_Twain_by_AF_Bradley.jpg/1280px-Mark_Twain_by_AF_Bradley.jpg,"[{'url': 'https://upload.wikimedia.org/wikipedia/commons/thumb/0/0c/Mark_Twain_by_AF_Bradley.jpg/1280px-Mark_Twain_by_AF_Bradley.jpg', 'path': 'full/5aa96ae7741a7f449062a8fa21d9ba04be349c10.jpg', 'checksum': '2c8792bf9e2702de215ea8a5099d31fb', 'status': 'downloaded'}]"
“Some people never go crazy. What truly horrible lives they must lead.”,Charles Bukowski,humor,"August 16, 1920","in Andernach, Germany",https://upload.wikimedia.org/wikipedia/en/e/e2/Charles_Bukowski_smoking.jpg,"[{'url': 'https://upload.wikimedia.org/wikipedia/en/e/e2/Charles_Bukowski_smoking.jpg', 'path': 'full/ac61d811231cde4774a9d46abbbb637e89a85b45.jpg', 'checksum': '20d43f6121fc874999a67de986fd14e1', 'status': 'downloaded'}]"
"“Think left and think right and think low and think high. Oh, the thinks you can think up if only you try!”",Dr. Seuss,"humor,philosophy","March 02, 1904","in Springfield, MA, The United States",https://upload.wikimedia.org/wikipedia/commons/thumb/1/18/Theodor_Seuss_Geisel_%2801037v%29.jpg/1280px-Theodor_Seuss_Geisel_%2801037v%29.jpg,"[{'url': 'https://upload.wikimedia.org/wikipedia/commons/thumb/1/18/Theodor_Seuss_Geisel_%2801037v%29.jpg/1280px-Theodor_Seuss_Geisel_%2801037v%29.jpg', 'path': 'full/efd5db5436af552b4f8a479188b629cdc50e56a2.jpg', 'checksum': '231d2a5d905de0f7c0fa82a569715cd1', 'status': 'downloaded'}]"
“Not all those who wander are lost.”,J.R.R. Tolkien,"bilbo,journey,lost,quest,travel,wander","January 03, 1892","in Bloemfontein, Mangaung, Free State, South Africa",https://upload.wikimedia.org/wikipedia/commons/thumb/6/66/J._R._R._Tolkien%2C_1940s.jpg/1280px-J._R._R._Tolkien%2C_1940s.jpg,"[{'url': 'https://upload.wikimedia.org/wikipedia/commons/thumb/6/66/J._R._R._Tolkien%2C_1940s.jpg/1280px-J._R._R._Tolkien%2C_1940s.jpg', 'path': 'full/f14e5133d14f46e5409c05ff95224dca7008939a.jpg', 'checksum': 'f77838b775f9491f1139935529822060', 'status': 'downloaded'}]"
“You don’t forget the face of the person who was your last hope.”,Suzanne Collins,the-hunger-games,"August 11, 1962","in Hartford, Connecticut, The United States",https://upload.wikimedia.org/wikipedia/commons/thumb/b/b9/Suzanne_Collins_David_Shankbone_2010.jpg/1280px-Suzanne_Collins_David_Shankbone_2010.jpg,"[{'url': 'https://upload.wikimedia.org/wikipedia/commons/thumb/b/b9/Suzanne_Collins_David_Shankbone_2010.jpg/1280px-Suzanne_Collins_David_Shankbone_2010.jpg', 'path': 'full/62745732859f1100dc379dcf1078145b1d108fe6.jpg', 'checksum': '062e6aaed6a777352bfab56b02250c2f', 'status': 'downloaded'}]"
"“Remember, we're madly in love, so it's all right to kiss me anytime you feel like it.”",Suzanne Collins,humor,"August 11, 1962","in Hartford, Connecticut, The United States",https://upload.wikimedia.org/wikipedia/commons/thumb/b/b9/Suzanne_Collins_David_Shankbone_2010.jpg/1280px-Suzanne_Collins_David_Shankbone_2010.jpg,"[{'url': 'https://upload.wikimedia.org/wikipedia/commons/thumb/b/b9/Suzanne_Collins_David_Shankbone_2010.jpg/1280px-Suzanne_Collins_David_Shankbone_2010.jpg', 'path': 'full/62745732859f1100dc379dcf1078145b1d108fe6.jpg', 'checksum': '062e6aaed6a777352bfab56b02250c2f', 'status': 'downloaded'}]"
“The reason I talk to myself is because I’m the only one whose answers I accept.”,George Carlin,"humor,insanity,lies,lying,self-indulgence,truth","May 12, 1937","in New York, New York, The United States",https://upload.wikimedia.org/wikipedia/commons/thumb/8/8e/George_Carlin_1975_%28Little_David_Records%29_Publicity.jpg/1280px-George_Carlin_1975_%28Little_David_Records%29_Publicity.jpg,"[{'url': 'https://upload.wikimedia.org/wikipedia/commons/thumb/8/8e/George_Carlin_1975_%28Little_David_Records%29_Publicity.jpg/1280px-George_Carlin_1975_%28Little_David_Records%29_Publicity.jpg', 'path': 'full/36a64ba60d76e13ce409e75456bcc6846cabcb4c.jpg', 'checksum': 'b013939d3e2af8c69c1eb8b68ea8cc7c', 'status': 'downloaded'}]"
“The question isn't who is going to let me; it's who is going to stop me.”,Ayn Rand,,"February 02, 1905","in St. Petersburg, Russian Federation",https://upload.wikimedia.org/wikipedia/commons/thumb/b/b1/Ayn_Rand_%281943_Talbot_portrait%29.jpg/1280px-Ayn_Rand_%281943_Talbot_portrait%29.jpg,"[{'url': 'https://upload.wikimedia.org/wikipedia/commons/thumb/b/b1/Ayn_Rand_%281943_Talbot_portrait%29.jpg/1280px-Ayn_Rand_%281943_Talbot_portrait%29.jpg', 'path': 'full/21d89f3c2d9581362561d718e02b1cfcc5b66795.jpg', 'checksum': '040931a599b81b71e457415e24e117ff', 'status': 'downloaded'}]"
"“A lady's imagination is very rapid; it jumps from admiration to love, from love to matrimony in a moment.”",Jane Austen,"humor,love,romantic,women","December 16, 1775","in Steventon Rectory, Hampshire, The United Kingdom",https://upload.wikimedia.org/wikipedia/commons/thumb/c/cc/CassandraAusten-JaneAusten%28c.1810%29_hires.jpg/200px-CassandraAusten-JaneAusten%28c.1810%29_hires.jpg,"[{'url': 'https://upload.wikimedia.org/wikipedia/commons/thumb/c/cc/CassandraAusten-JaneAusten%28c.1810%29_hires.jpg/200px-CassandraAusten-JaneAusten%28c.1810%29_hires.jpg', 'path': 'full/202f06476c6ec2028a863a18c060034b47f77caa.jpg', 'checksum': '32e019a45a472738ef82f8f1c5aeac41', 'status': 'downloaded'}]"
"“The trouble with having an open mind, of course, is that people will insist on coming along and trying to put things in it.”",Terry Pratchett,"humor,open-mind,thinking","April 28, 1948","in Beaconsfield, Buckinghamshire, England, The United Kingdom",https://upload.wikimedia.org/wikipedia/commons/thumb/7/7a/10.12.12TerryPratchettByLuigiNovi1.jpg/1280px-10.12.12TerryPratchettByLuigiNovi1.jpg,"[{'url': 'https://upload.wikimedia.org/wikipedia/commons/thumb/7/7a/10.12.12TerryPratchettByLuigiNovi1.jpg/1280px-10.12.12TerryPratchettByLuigiNovi1.jpg', 'path': 'full/684c76b9c2ec1dcfaf47b60dfa7e1fc8cdbf5de9.jpg', 'checksum': 'c8e09dbdd45e40eb60cce50436681266', 'status': 'downloaded'}]"
“Some day you will be old enough to start reading fairy tales again.”,C.S. Lewis,"age,fairytales,growing-up","November 29, 1898","in Belfast, Ireland",https://upload.wikimedia.org/wikipedia/en/thumb/1/1e/C.s.lewis3.JPG/1280px-C.s.lewis3.JPG,"[{'url': 'https://upload.wikimedia.org/wikipedia/en/thumb/1/1e/C.s.lewis3.JPG/1280px-C.s.lewis3.JPG', 'path': 'full/c8c7af0f86f82275a53f26bd9f4fca2723665431.jpg', 'checksum': '724d7313ea3073425132343482900577', 'status': 'downloaded'}]"
"“There are few people whom I really love, and still fewer of whom I think well. The more I see of the world, the more am I dissatisfied with it; and every day confirms my belief of the inconsistency of all human characters, and of the little dependence that can be placed on the appearance of merit or sense.”",Jane Austen,"elizabeth-bennet,jane-austen","December 16, 1775","in Steventon Rectory, Hampshire, The United Kingdom",https://upload.wikimedia.org/wikipedia/commons/thumb/c/cc/CassandraAusten-JaneAusten%28c.1810%29_hires.jpg/200px-CassandraAusten-JaneAusten%28c.1810%29_hires.jpg,"[{'url': 'https://upload.wikimedia.org/wikipedia/commons/thumb/c/cc/CassandraAusten-JaneAusten%28c.1810%29_hires.jpg/200px-CassandraAusten-JaneAusten%28c.1810%29_hires.jpg', 'path': 'full/202f06476c6ec2028a863a18c060034b47f77caa.jpg', 'checksum': '32e019a45a472738ef82f8f1c5aeac41', 'status': 'downloaded'}]"
"“I declare after all there is no enjoyment like reading! How much sooner one tires of any thing than of a book! -- When I have a house of my own, I shall be miserable if I have not an excellent library.”",Jane Austen,"books,library,reading","December 16, 1775","in Steventon Rectory, Hampshire, The United Kingdom",https://upload.wikimedia.org/wikipedia/commons/thumb/c/cc/CassandraAusten-JaneAusten%28c.1810%29_hires.jpg/200px-CassandraAusten-JaneAusten%28c.1810%29_hires.jpg,"[{'url': 'https://upload.wikimedia.org/wikipedia/commons/thumb/c/cc/CassandraAusten-JaneAusten%28c.1810%29_hires.jpg/200px-CassandraAusten-JaneAusten%28c.1810%29_hires.jpg', 'path': 'full/202f06476c6ec2028a863a18c060034b47f77caa.jpg', 'checksum': '32e019a45a472738ef82f8f1c5aeac41', 'status': 'downloaded'}]"
“We are not necessarily doubting that God will do the best for us; we are wondering how painful the best will turn out to be.”,C.S. Lewis,god,"November 29, 1898","in Belfast, Ireland",https://upload.wikimedia.org/wikipedia/en/thumb/1/1e/C.s.lewis3.JPG/1280px-C.s.lewis3.JPG,"[{'url': 'https://upload.wikimedia.org/wikipedia/en/thumb/1/1e/C.s.lewis3.JPG/1280px-C.s.lewis3.JPG', 'path': 'full/c8c7af0f86f82275a53f26bd9f4fca2723665431.jpg', 'checksum': '724d7313ea3073425132343482900577', 'status': 'downloaded'}]"
“The fear of death follows from the fear of life. A man who lives fully is prepared to die at any time.”,Mark Twain,"death,life","November 30, 1835","in Florida, Missouri, The United States",https://upload.wikimedia.org/wikipedia/commons/thumb/0/0c/Mark_Twain_by_AF_Bradley.jpg/1280px-Mark_Twain_by_AF_Bradley.jpg,"[{'url': 'https://upload.wikimedia.org/wikipedia/commons/thumb/0/0c/Mark_Twain_by_AF_Bradley.jpg/1280px-Mark_Twain_by_AF_Bradley.jpg', 'path': 'full/5aa96ae7741a7f449062a8fa21d9ba04be349c10.jpg', 'checksum': '2c8792bf9e2702de215ea8a5099d31fb', 'status': 'downloaded'}]"
“I am free of all prejudice. I hate everyone equally. ”,W.C. Fields,"humor,sinister","January 29, 1880","in Darby, Pennsylvania, The United States",https://upload.wikimedia.org/wikipedia/commons/thumb/0/05/W._C._Fields_1938.jpg/1280px-W._C._Fields_1938.jpg,"[{'url': 'https://upload.wikimedia.org/wikipedia/commons/thumb/0/05/W._C._Fields_1938.jpg/1280px-W._C._Fields_1938.jpg', 'path': 'full/0cc6352749b15c06245e7542ad46dbeb2fbeb99e.jpg', 'checksum': '9fa8419353954330b7b9691a8550c337', 'status': 'downloaded'}]"
"“Remember, if the time should come when you have to make a choice between what is right and what is easy, remember what happened to a boy who was good, and kind, and brave, because he strayed across the path of Lord Voldemort. Remember Cedric Diggory.”",J.K. Rowling,integrity,"July 31, 1965","in Yate, South Gloucestershire, England, The United Kingdom",https://upload.wikimedia.org/wikipedia/commons/thumb/5/5d/J._K._Rowling_2010.jpg/1280px-J._K._Rowling_2010.jpg,"[{'url': 'https://upload.wikimedia.org/wikipedia/commons/thumb/5/5d/J._K._Rowling_2010.jpg/1280px-J._K._Rowling_2010.jpg', 'path': 'full/67931e69367794fed5aba6adfce69cc8c6a2792b.jpg', 'checksum': 'ed591c7b7e9bf1d935519a56a252a23c', 'status': 'downloaded'}]"
"“You may say I'm a dreamer, but I'm not the only one. I hope someday you'll join us. And the world will live as one.”",John Lennon,"beatles,connection,dreamers,dreaming,dreams,hope,inspirational,peace","October 09, 1940","in Liverpool, England, The United Kingdom",https://upload.wikimedia.org/wikipedia/commons/thumb/8/85/John_Lennon_1969_%28cropped%29.jpg/1280px-John_Lennon_1969_%28cropped%29.jpg,"[{'url': 'https://upload.wikimedia.org/wikipedia/commons/thumb/8/85/John_Lennon_1969_%28cropped%29.jpg/1280px-John_Lennon_1969_%28cropped%29.jpg', 'path': 'full/9c318106fc580d4a8551b5e58bccca96f1cd33d2.jpg', 'checksum': 'd3edd60eeb70d40002ccc1dca72f93a1', 'status': 'downloaded'}]"
“Anyone who has never made a mistake has never tried anything new.”,Albert Einstein,mistakes,"March 14, 1879","in Ulm, Germany",https://upload.wikimedia.org/wikipedia/commons/thumb/3/3e/Einstein_1921_by_F_Schmutzer_-_restoration.jpg/1280px-Einstein_1921_by_F_Schmutzer_-_restoration.jpg,"[{'url': 'https://upload.wikimedia.org/wikipedia/commons/thumb/3/3e/Einstein_1921_by_F_Schmutzer_-_restoration.jpg/1280px-Einstein_1921_by_F_Schmutzer_-_restoration.jpg', 'path': 'full/4f5cac5a8fd769e8d99283af96dd5d4f80464d48.jpg', 'checksum': 'feb6831cb8cd65d196be883f73c7f277', 'status': 'downloaded'}]"
"“What really knocks me out is a book that, when you're all done reading it, you wish the author that wrote it was a terrific friend of yours and you could call him up on the phone whenever you felt like it. That doesn't happen much, though.”",J.D. Salinger,"authors,books,literature,reading,writing","January 01, 1919","in Manhattan, New York, The United States",https://upload.wikimedia.org/wikipedia/commons/thumb/9/93/J._D._Salinger_%28Catcher_in_the_Rye_portrait%29.jpg/1280px-J._D._Salinger_%28Catcher_in_the_Rye_portrait%29.jpg,"[{'url': 'https://upload.wikimedia.org/wikipedia/commons/thumb/9/93/J._D._Salinger_%28Catcher_in_the_Rye_portrait%29.jpg/1280px-J._D._Salinger_%28Catcher_in_the_Rye_portrait%29.jpg', 'path': 'full/6819a11e19baff6daa74a478d8ccca3caa47551b.jpg', 'checksum': '803f19308d242f53b7d874484db5c844', 'status': 'downloaded'}]"
“If I had a flower for every time I thought of you...I could walk through my garden forever.”,Alfred Tennyson,"friendship,love","August 06, 1809","in Somersby, Lincolnshire, The United Kingdom",https://upload.wikimedia.org/wikipedia/commons/thumb/9/98/Alfred_Tennyson%2C_1st_Baron_Tennyson_by_George_Frederic_Watts.jpg/1280px-Alfred_Tennyson%2C_1st_Baron_Tennyson_by_George_Frederic_Watts.jpg,"[{'url': 'https://upload.wikimedia.org/wikipedia/commons/thumb/9/98/Alfred_Tennyson%2C_1st_Baron_Tennyson_by_George_Frederic_Watts.jpg/1280px-Alfred_Tennyson%2C_1st_Baron_Tennyson_by_George_Frederic_Watts.jpg', 'path': 'full/9f896701ba1fea524de0acdaa42a53612a1572c4.jpg', 'checksum': '36904abdbb3b6ab1785e1bd003786cde', 'status': 'downloaded'}]"
“Never tell the truth to people who are not worthy of it.”,Mark Twain,truth,"November 30, 1835","in Florida, Missouri, The United States",https://upload.wikimedia.org/wikipedia/commons/thumb/0/0c/Mark_Twain_by_AF_Bradley.jpg/1280px-Mark_Twain_by_AF_Bradley.jpg,"[{'url': 'https://upload.wikimedia.org/wikipedia/commons/thumb/0/0c/Mark_Twain_by_AF_Bradley.jpg/1280px-Mark_Twain_by_AF_Bradley.jpg', 'path': 'full/5aa96ae7741a7f449062a8fa21d9ba04be349c10.jpg', 'checksum': '2c8792bf9e2702de215ea8a5099d31fb', 'status': 'downloaded'}]"
"“... a mind needs books as a sword needs a whetstone, if it is to keep its edge.”",George R.R. Martin,"books,mind","September 20, 1948","in Bayonne, New Jersey, The United States",https://upload.wikimedia.org/wikipedia/commons/thumb/e/ed/Portrait_photoshoot_at_Worldcon_75%2C_Helsinki%2C_before_the_Hugo_Awards_%E2%80%93_George_R._R._Martin.jpg/1280px-Portrait_photoshoot_at_Worldcon_75%2C_Helsinki%2C_before_the_Hugo_Awards_%E2%80%93_George_R._R._Martin.jpg,"[{'url': 'https://upload.wikimedia.org/wikipedia/commons/thumb/e/ed/Portrait_photoshoot_at_Worldcon_75%2C_Helsinki%2C_before_the_Hugo_Awards_%E2%80%93_George_R._R._Martin.jpg/1280px-Portrait_photoshoot_at_Worldcon_75%2C_Helsinki%2C_before_the_Hugo_Awards_%E2%80%93_George_R._R._Martin.jpg', 'path': 'full/f847ef1b8dbce7af90b54cdb157ea235a513c824.jpg', 'checksum': '9ee0de2ea81f5c3481891befc8300072', 'status': 'downloaded'}]"
"“I believe in Christianity as I believe that the sun has risen: not only because I see it, but because by it I see everything else.”",C.S. Lewis,"christianity,faith,religion,sun","November 29, 1898","in Belfast, Ireland",https://upload.wikimedia.org/wikipedia/en/thumb/1/1e/C.s.lewis3.JPG/1280px-C.s.lewis3.JPG,"[{'url': 'https://upload.wikimedia.org/wikipedia/en/thumb/1/1e/C.s.lewis3.JPG/1280px-C.s.lewis3.JPG', 'path': 'full/c8c7af0f86f82275a53f26bd9f4fca2723665431.jpg', 'checksum': '724d7313ea3073425132343482900577', 'status': 'downloaded'}]"
“A lie can travel half way around the world while the truth is putting on its shoes.”,Mark Twain,"misattributed-mark-twain,truth","November 30, 1835","in Florida, Missouri, The United States",https://upload.wikimedia.org/wikipedia/commons/thumb/0/0c/Mark_Twain_by_AF_Bradley.jpg/1280px-Mark_Twain_by_AF_Bradley.jpg,"[{'url': 'https://upload.wikimedia.org/wikipedia/commons/thumb/0/0c/Mark_Twain_by_AF_Bradley.jpg/1280px-Mark_Twain_by_AF_Bradley.jpg', 'path': 'full/5aa96ae7741a7f449062a8fa21d9ba04be349c10.jpg', 'checksum': '2c8792bf9e2702de215ea8a5099d31fb', 'status': 'downloaded'}]"
"“A person's a person, no matter how small.”",Dr. Seuss,inspirational,"March 02, 1904","in Springfield, MA, The United States",https://upload.wikimedia.org/wikipedia/commons/thumb/1/18/Theodor_Seuss_Geisel_%2801037v%29.jpg/1280px-Theodor_Seuss_Geisel_%2801037v%29.jpg,"[{'url': 'https://upload.wikimedia.org/wikipedia/commons/thumb/1/18/Theodor_Seuss_Geisel_%2801037v%29.jpg/1280px-Theodor_Seuss_Geisel_%2801037v%29.jpg', 'path': 'full/efd5db5436af552b4f8a479188b629cdc50e56a2.jpg', 'checksum': '231d2a5d905de0f7c0fa82a569715cd1', 'status': 'downloaded'}]"
"“The truth."" Dumbledore sighed. ""It is a beautiful and terrible thing, and should therefore be treated with great caution.”",J.K. Rowling,truth,"July 31, 1965","in Yate, South Gloucestershire, England, The United Kingdom",https://upload.wikimedia.org/wikipedia/commons/thumb/5/5d/J._K._Rowling_2010.jpg/1280px-J._K._Rowling_2010.jpg,"[{'url': 'https://upload.wikimedia.org/wikipedia/commons/thumb/5/5d/J._K._Rowling_2010.jpg/1280px-J._K._Rowling_2010.jpg', 'path': 'full/67931e69367794fed5aba6adfce69cc8c6a2792b.jpg', 'checksum': 'ed591c7b7e9bf1d935519a56a252a23c', 'status': 'downloaded'}]"
“But better to get hurt by the truth than comforted with a lie.”,Khaled Hosseini,life,"March 04, 1965","in Kabul, Afghanistan",https://upload.wikimedia.org/wikipedia/commons/1/16/George_and_Laura_Bush_with_Khaled_Hosseini_in_2007_detail2.JPG,"[{'url': 'https://upload.wikimedia.org/wikipedia/commons/1/16/George_and_Laura_Bush_with_Khaled_Hosseini_in_2007_detail2.JPG', 'path': 'full/e00fc6b4f32bcf1967982d11e2009b873fa1d3d3.jpg', 'checksum': '5bbcaa7e9d0b4d3a7f88587eef6efa23', 'status': 'downloaded'}]"
"“You have to write the book that wants to be written. And if the book will be too difficult for grown-ups, then you write it for children.”",Madeleine L'Engle,"books,children,difficult,grown-ups,write,writers,writing","November 29, 1918","in New York City, New York, The United States",https://upload.wikimedia.org/wikipedia/en/thumb/c/c9/Madeleine_lengle.jpg/1280px-Madeleine_lengle.jpg,"[{'url': 'https://upload.wikimedia.org/wikipedia/en/thumb/c/c9/Madeleine_lengle.jpg/1280px-Madeleine_lengle.jpg', 'path': 'full/c1d48aeed6ba650c79a9223f7cd8980163df69d8.jpg', 'checksum': 'c4052d97e2108c50e4b427acc19753d1', 'status': 'downloaded'}]"
“To die will be an awfully big adventure.”,J.M. Barrie,"adventure,love","May 09, 1860","in Kirriemuir, Angus, Scotland, The United Kingdom",https://upload.wikimedia.org/wikipedia/commons/thumb/9/9c/James_Matthew_Barrie00.jpg/1280px-James_Matthew_Barrie00.jpg,"[{'url': 'https://upload.wikimedia.org/wikipedia/commons/thumb/9/9c/James_Matthew_Barrie00.jpg/1280px-James_Matthew_Barrie00.jpg', 'path': 'full/593de0e753650ca7db0f4ba06c3a817eda9a6097.jpg', 'checksum': 'c9d66519811f5a5c7c7c969a7d23aec5', 'status': 'downloaded'}]"
“It takes courage to grow up and become who you really are.”,E.E. Cummings,courage,"October 14, 1894","in Cambridge, Massachusetts, The United States",https://upload.wikimedia.org/wikipedia/commons/thumb/3/3b/E._E._Cummings_NYWTS.jpg/1280px-E._E._Cummings_NYWTS.jpg,"[{'url': 'https://upload.wikimedia.org/wikipedia/commons/thumb/3/3b/E._E._Cummings_NYWTS.jpg/1280px-E._E._Cummings_NYWTS.jpg', 'path': 'full/6525c1237b89c4e61b59135af3e113c4d7886cf6.jpg', 'checksum': '2fd132722c4e5344d6326da8abf05484', 'status': 'downloaded'}]"
"“I'm the one that's got to die when it's time for me to die, so let me live my life the way I want to.”",Jimi Hendrix,"death,life","November 27, 1942","in Seattle, Washington, The United States",https://upload.wikimedia.org/wikipedia/commons/thumb/a/ae/Jimi_Hendrix_1967.png/1280px-Jimi_Hendrix_1967.png,"[{'url': 'https://upload.wikimedia.org/wikipedia/commons/thumb/a/ae/Jimi_Hendrix_1967.png/1280px-Jimi_Hendrix_1967.png', 'path': 'full/2c05e574ed6e581ea3bebf8bf3d34152e2d1badc.jpg', 'checksum': 'c3bcf135727dac6e22fd88a7405cb4b0', 'status': 'downloaded'}]"
“You never really understand a person until you consider things from his point of view... Until you climb inside of his skin and walk around in it.”,Harper Lee,better-life-empathy,"April 28, 1926","in Monroeville, Alabama, The United States",https://upload.wikimedia.org/wikipedia/commons/thumb/b/b5/Photo_portrait_of_Harper_Lee_%28To_Kill_a_Mockingbird_dust_jacket%2C_1960%29.jpg/1280px-Photo_portrait_of_Harper_Lee_%28To_Kill_a_Mockingbird_dust_jacket%2C_1960%29.jpg,"[{'url': 'https://upload.wikimedia.org/wikipedia/commons/thumb/b/b5/Photo_portrait_of_Harper_Lee_%28To_Kill_a_Mockingbird_dust_jacket%2C_1960%29.jpg/1280px-Photo_portrait_of_Harper_Lee_%28To_Kill_a_Mockingbird_dust_jacket%2C_1960%29.jpg', 'path': 'full/96607c152fbe0f7b087071cbacc0fcc4564e689e.jpg', 'checksum': '6b444543b30ba48245250129104e308a', 'status': 'downloaded'}]"
